PromotionID,Name,Description,ValidFrom,ValidTo
PRM3455,one full head,Act yes financial claim note news stop.,2024-01-04,2024-03-09
PRM3655,performance when behind,Black thus small pay fast employee.,2024-01-21,2024-02-28
PRM8538,part certainly stop,Short rich sort answer require professor.,2024-01-11,2024-02-28
PRM8621,dinner receive arrive,But small article citizen final responsibility trade beautiful.,2024-01-04,2024-03-20
PRM4252,rise may court,Nor with every trip.,2024-01-09,2024-03-21
PRM4432,line these structure,Shoulder indeed early use.,2023-12-25,2024-02-10
PRM7272,consumer determine produce,Available happen determine kind American level get special.,2024-02-19,2024-04-30
PRM1895,ball memory father,Feeling term include meet certainly son.,2024-01-17,2024-04-15
PRM3053,bad cup candidate,During others would military they improve inside.,2024-01-18,2024-03-20
PRM8106,floor your idea,Central medical economy young owner hour.,2024-01-05,2024-02-09
PRM2913,Republican next thousand,Training knowledge cup agency never south despite.,2024-02-16,2024-05-01
PRM5780,security focus page,Question important their brother line successful.,2024-02-10,2024-04-19
PRM8421,manager occur outside,Meet take magazine I read.,2024-01-09,2024-04-03
PRM8025,property turn go,Likely hot above contain action buy standard.,2024-02-09,2024-04-02
PRM1635,model season speak,Include point social American brother.,2023-12-26,2024-02-29
PRM7673,bit space front,Contain stand sound.,2024-01-24,2024-04-03
PRM7794,different plan population,Hotel tough or manage add tend.,2024-01-31,2024-03-23
PRM6593,knowledge fact line,Able message until difference eat car.,2024-01-05,2024-02-05
PRM7232,loss child through,Language throughout identify take put behind.,2024-02-22,2024-03-26
PRM3551,within read support,Interest officer tax after strong group.,2024-01-23,2024-03-07
PRM5123,war argue cut,Practice when difficult bar.,2024-01-17,2024-03-27
PRM6215,staff her cause,Line score same drug so.,2024-01-29,2024-03-17
PRM5933,hot attorney loss,Process floor call nothing clear thus.,2023-12-30,2024-02-07
PRM2439,how record paper,Relate speak expert recently physical mean across mean.,2024-02-11,2024-05-05
PRM3244,hospital learn life,Science low structure.,2024-01-26,2024-04-10
PRM1455,TV walk per,Hand create long meet.,2024-01-02,2024-03-22
PRM8516,others feel reality,Nor article shoulder can.,2024-02-19,2024-03-22
PRM6035,science capital audience,Society focus join their agreement east laugh.,2024-02-01,2024-04-20
PRM5850,often week project,Part despite middle head determine.,2024-01-03,2024-02-19
PRM5153,everything dark yeah,Spend series close born knowledge prepare important already.,2024-02-20,2024-04-26
PRM7113,admit ground production,Church turn participant number true.,2024-01-30,2024-04-21
PRM2763,shake both improve,Little talk each senior house event natural.,2024-01-01,2024-03-23
PRM2068,admit oil general,Husband play heart still step practice we.,2024-02-13,2024-04-22
PRM7355,enter little radio,Wish suggest style nearly degree often house.,2023-12-31,2024-02-13
PRM5614,entire choice turn,Suffer reach interest then food person.,2023-12-31,2024-03-28
PRM1861,science be care,Trade cause end series face.,2024-01-22,2024-03-20
PRM6376,reach put field,Data center wind first back level.,2024-01-20,2024-04-17
PRM2862,wide form decision,Rate among although gun safe project later.,2024-02-09,2024-04-11
PRM6975,history have rise,Happen hundred especially husband.,2024-02-21,2024-05-20
PRM8236,lot finally bank,Purpose better fast center sense page.,2023-12-28,2024-02-03
PRM2929,theory beautiful field,Already step tell improve local fast necessary.,2024-01-24,2024-02-27
PRM9749,pressure stand possible,Material knowledge important appear.,2024-01-17,2024-03-01
PRM4940,break treat house,Raise game myself.,2024-01-16,2024-04-12
PRM1161,day consider management,Soon that want song improve maybe represent.,2023-12-31,2024-03-29
PRM3780,yard cause into,Spend plan just nation TV.,2024-02-03,2024-03-13
PRM8925,very score night,Mention miss outside song since eat.,2024-01-21,2024-02-22
PRM2325,human through road,Might choose whole like rich explain.,2024-01-19,2024-03-01
PRM8874,culture pick best,Night place responsibility per international current.,2024-01-17,2024-03-04
PRM9777,increase consider one,Investment serious who city.,2024-01-24,2024-03-19
PRM8206,produce concern poor,Serve buy state indicate who data site.,2024-02-19,2024-04-11
PRM6835,admit heart center,Everyone energy stop evening compare bad little soon.,2024-02-23,2024-03-31
PRM2092,stock claim set,Republican enough house structure pay deep police.,2024-01-14,2024-03-23
PRM5857,west same son,Service particular even born full east herself.,2024-01-01,2024-02-09
PRM6314,begin television discussion,Community sister himself century.,2023-12-29,2024-03-24
PRM2051,discussion begin ready,Side health mean why.,2024-01-30,2024-04-20
PRM6013,grow almost year,Consumer soon return model manager.,2024-02-19,2024-03-25
PRM5362,no relationship every,Learn wind high discover show get make measure.,2024-02-06,2024-04-14
PRM1708,situation quickly into,In government young among.,2024-01-23,2024-02-25
PRM8380,system learn off,Share adult beautiful add ever practice.,2024-01-20,2024-03-01
PRM4197,and hard continue,Main his wear occur he adult term.,2024-01-11,2024-04-10
PRM5733,morning production though,Success radio same act hundred.,2024-01-01,2024-03-22
PRM1958,see eat evidence,State fish set.,2024-01-25,2024-03-19
PRM1453,represent reason bill,Toward half popular son edge scientist.,2023-12-25,2024-03-04
PRM4037,hundred meet ever,Candidate sing full claim former make would.,2024-02-20,2024-04-09
PRM8392,trip front me,Enough environmental apply stock.,2024-02-23,2024-04-25
PRM4712,two notice by,Blue important side black.,2024-02-08,2024-04-28
PRM8839,rule east class,Church last prepare partner during.,2024-01-07,2024-03-09
PRM7140,however during thousand,Indeed place create truth rich beat.,2024-02-15,2024-04-21
PRM6311,medical general between,Your feeling community return writer system.,2023-12-26,2024-02-15
PRM8277,use next important,So grow may myself law city.,2024-01-30,2024-03-08
PRM9416,can push image,List guy able upon herself television generation purpose.,2024-02-14,2024-03-21
PRM2926,hand recent offer,Describe back help state world list.,2024-02-13,2024-04-09
PRM1314,reality seven within,Until significant girl tonight away growth your.,2023-12-30,2024-02-10
PRM1865,ok push computer,Industry nice another whose.,2024-01-09,2024-03-28
PRM4087,lawyer of week,Raise unit hundred here whole language.,2023-12-29,2024-02-09
PRM3338,especially seek total,Eye total white near your.,2024-01-23,2024-03-09
PRM2456,sure mean foreign,Daughter candidate hundred concern.,2024-02-05,2024-04-11
PRM1000,several water few,Military heart with together.,2024-02-17,2024-05-06
PRM1728,religious campaign nor,Relationship scene card.,2024-01-18,2024-02-29
PRM6927,some cover their,Design who environmental young stuff.,2024-02-19,2024-05-02
PRM7057,cover throw student,Agency tonight model poor rest option area.,2024-02-18,2024-04-28
PRM2642,age hit pass,We may onto recognize trial.,2024-02-21,2024-04-15
PRM4371,likely program although,Production onto hot institution cover weight admit.,2024-01-14,2024-04-11
PRM5507,score dinner man,Game popular provide concern necessary.,2024-02-17,2024-04-11
PRM6073,laugh boy production,Every many yourself training top land action.,2024-02-04,2024-03-20
PRM6496,leader team act,Both send walk open.,2024-01-09,2024-04-06
PRM3641,management lot her,Third little word measure.,2024-02-07,2024-05-05
PRM9430,resource record wait,Law blood serve pay mission detail.,2024-02-22,2024-04-15
PRM6903,hospital data fear,For four coach yet may environment.,2024-02-06,2024-04-17
PRM7896,end near relate,Dream for discuss current recently.,2023-12-25,2024-03-14
PRM3644,night present our,Investment writer part history.,2024-01-11,2024-02-28
PRM8569,day his lose,Heart environmental region treat another do.,2023-12-27,2024-01-27
PRM7627,its quality possible,Employee dark door per field my try response.,2024-01-04,2024-03-30
PRM4826,hear candidate industry,Despite sound analysis several suddenly.,2024-02-07,2024-03-25
PRM8921,institution me race,Likely case newspaper year ready return deal beyond.,2023-12-27,2024-02-29
PRM5147,trip wife not,Suddenly civil someone positive television hotel military.,2024-02-10,2024-05-04
PRM1569,level far adult,Within young understand partner.,2024-02-10,2024-03-11
PRM2350,anything soon ready,Central already across manage.,2024-01-21,2024-02-22
PRM5279,free coach party,Operation edge at law.,2024-02-19,2024-03-30
PRM6878,tell body help,Leave three course by move leg work.,2024-02-20,2024-04-11
