DriverID,Name,LicenseNr,City,ShiftDay
D9232,Jessica Burton,462124470,"New York, NY",Sat
D9059,Chase Bishop,890753334,"New York, NY",Tue
D5971,Wesley Griffin,671284320,"Boston, MA",Wed
D6187,Barry Aguilar,430222484,"New York, NY",Thu
D4485,Thomas Hudson,667723152,"New York, NY",Thu
D2058,David Waters,366916335,"Boston, MA",Fri
D7360,Richard Barnett,297163084,"Boston, MA",Thu
D4161,Donald Sullivan,621246346,"Los Angeles, CA",Sun
D5796,Julie Gibson,219219019,"Boston, MA",Fri
D9905,Deborah Oliver,142918708,"New York, NY",Mon
D1426,Jeffery Green,116578485,"Boston, MA",Wed
D9366,Lee Martin,480599822,"New York, NY",Fri
D8378,Logan Jacobs,631781312,"Los Angeles, CA",Mon
D8212,Shawn Frank,789183483,"Boston, MA",Fri
D5958,Barry Hunt,947447744,"New York, NY",Sat
D5767,Trevor Hughes,687960683,"Los Angeles, CA",Wed
D8899,Bradley Kennedy,334755930,"New York, NY",Tue
D6232,Dennis Anderson,213259967,"New York, NY",Sat
D7443,John Castro,652579996,"Boston, MA",Sat
D7489,Anna Welch,820395076,"Los Angeles, CA",Tue
D5622,Michael Santiago,385174773,"Boston, MA",Wed
D8398,Erika Gallegos,391773228,"Los Angeles, CA",Tue
D4286,Raymond Hoffman,185764580,"Boston, MA",Sat
D2548,Michael Mckenzie,833314324,"Los Angeles, CA",Fri
D9422,Kelly Moore,510004440,"New York, NY",Wed
D9194,Aaron Lewis,310723418,"Boston, MA",Thu
D3126,Samuel Hickman,163597162,"Los Angeles, CA",Mon
D9191,Thomas Bryant,283822732,"Boston, MA",Thu
D5387,Thomas Hughes,137761026,"New York, NY",Tue
D6500,Sean Lawson,946402126,"Los Angeles, CA",Tue
