fbID,rating,comments,date,UserID,OrderID
fb00083,4,"Fast delivery, thank you!",2023-04-02,U00073,O00047
fb00151,3,Great service!,2024-01-18,U00172,O00146
fb00177,2,"Fast delivery, thank you!",2024-02-16,B00051,O00080
fb00015,5,Great service!,2024-03-16,B00084,O00122
fb00189,4,Would recommend to others.,2023-09-27,U00146,O00150
fb00171,5,Very satisfied with my order.,2023-05-18,U00130,O00127
fb00170,3,"Fast delivery, thank you!",2023-06-02,B00186,O00057
fb00091,3,Product quality could be better.,2023-04-22,U00194,O00003
fb00064,3,Would recommend to others.,2023-06-16,U00058,O00033
fb00120,1,"Fast delivery, thank you!",2023-10-07,U00072,O00066
fb00061,5,Great service!,2023-07-06,U00146,O00120
fb00010,4,Product quality could be better.,2023-07-04,B00033,O00090
fb00148,5,"Fast delivery, thank you!",2024-03-18,U00103,O00027
fb00142,4,Product quality could be better.,2023-10-07,B00002,O00134
fb00180,3,"Fast delivery, thank you!",2024-03-11,B00016,O00032
fb00163,2,Very satisfied with my order.,2023-06-19,B00071,O00051
fb00125,5,"Fast delivery, thank you!",2023-06-16,B00198,O00168
fb00111,3,Product quality could be better.,2023-09-27,B00085,O00103
fb00119,1,Very satisfied with my order.,2023-09-25,B00066,O00010
fb00030,4,Very satisfied with my order.,2024-01-24,B00115,O00006
fb00011,2,Product quality could be better.,2023-06-02,U00100,O00118
fb00137,4,Great service!,2023-05-06,B00033,O00161
fb00039,5,Great service!,2024-01-30,B00087,O00157
fb00093,3,Great service!,2024-01-22,U00002,O00006
fb00192,4,Very satisfied with my order.,2024-03-23,B00028,O00031
fb00196,1,Product quality could be better.,2024-01-24,B00115,O00188
fb00059,5,Very satisfied with my order.,2023-06-16,B00197,O00078
fb00111,1,Would recommend to others.,2023-03-26,B00098,O00120
fb00117,1,Very satisfied with my order.,2023-05-05,B00098,O00079
fb00160,1,"Fast delivery, thank you!",2023-04-21,B00177,O00041
fb00032,2,"Fast delivery, thank you!",2023-09-12,B00059,O00074
fb00048,4,Product quality could be better.,2023-07-08,U00023,O00178
fb00175,3,"Fast delivery, thank you!",2023-04-11,U00136,O00005
fb00083,3,"Fast delivery, thank you!",2024-03-11,U00062,O00094
fb00082,5,"Fast delivery, thank you!",2023-05-01,B00115,O00076
fb00152,1,Would recommend to others.,2024-03-18,B00153,O00150
fb00025,1,Product quality could be better.,2023-05-12,B00003,O00087
fb00030,5,Very satisfied with my order.,2023-11-21,U00073,O00121
fb00145,2,Would recommend to others.,2023-04-25,B00050,O00119
fb00188,3,Would recommend to others.,2023-10-05,U00089,O00069
fb00050,2,"Fast delivery, thank you!",2023-10-10,B00157,O00110
fb00003,3,Product quality could be better.,2023-06-21,B00072,O00097
fb00167,4,Great service!,2023-09-18,U00132,O00099
fb00156,3,Product quality could be better.,2023-05-29,B00139,O00102
fb00042,4,"Fast delivery, thank you!",2023-04-06,B00065,O00173
fb00035,3,"Fast delivery, thank you!",2023-07-07,B00035,O00165
fb00043,5,Product quality could be better.,2024-02-05,B00152,O00065
fb00012,5,Product quality could be better.,2023-10-13,U00174,O00085
fb00124,5,Very satisfied with my order.,2023-10-23,U00113,O00107
fb00012,1,Product quality could be better.,2023-07-01,B00187,O00063
fb00108,1,Product quality could be better.,2023-11-06,U00091,O00070
fb00080,1,Great service!,2024-02-25,B00170,O00010
fb00098,5,Great service!,2023-03-30,U00013,O00168
fb00101,3,"Fast delivery, thank you!",2024-02-16,U00039,O00005
fb00016,1,"Fast delivery, thank you!",2023-10-23,U00018,O00041
fb00132,5,"Fast delivery, thank you!",2024-02-05,U00136,O00157
fb00185,5,Product quality could be better.,2023-06-29,B00094,O00163
fb00177,3,Would recommend to others.,2023-09-15,B00087,O00194
fb00191,2,Would recommend to others.,2023-09-19,U00162,O00061
fb00048,4,Product quality could be better.,2023-11-05,B00136,O00143
fb00049,5,Great service!,2024-03-13,B00099,O00063
fb00126,5,Very satisfied with my order.,2023-12-04,B00162,O00021
fb00167,1,Great service!,2024-02-25,B00133,O00173
fb00012,5,Would recommend to others.,2023-08-31,B00138,O00025
fb00161,1,Product quality could be better.,2023-07-19,B00089,O00079
fb00030,2,Great service!,2024-01-07,U00165,O00012
fb00188,1,"Fast delivery, thank you!",2023-05-09,U00054,O00136
fb00118,2,Very satisfied with my order.,2023-07-07,B00146,O00003
fb00101,1,Would recommend to others.,2023-06-23,U00056,O00021
fb00137,3,"Fast delivery, thank you!",2023-11-21,U00160,O00187
fb00154,1,Product quality could be better.,2024-01-22,B00093,O00124
fb00122,4,Product quality could be better.,2024-01-30,U00162,O00022
fb00053,5,Would recommend to others.,2023-07-07,B00161,O00043
fb00153,1,Very satisfied with my order.,2023-09-23,B00162,O00029
fb00076,5,Very satisfied with my order.,2023-08-31,B00020,O00197
fb00121,4,"Fast delivery, thank you!",2024-01-24,U00083,O00068
fb00043,2,"Fast delivery, thank you!",2024-03-08,U00021,O00061
fb00093,1,Great service!,2024-02-15,U00099,O00143
fb00029,5,"Fast delivery, thank you!",2024-02-21,U00158,O00053
fb00026,1,Product quality could be better.,2024-02-25,B00142,O00013
fb00042,3,"Fast delivery, thank you!",2023-08-07,B00017,O00093
fb00142,1,"Fast delivery, thank you!",2024-03-16,U00166,O00139
fb00178,2,Great service!,2024-02-11,B00095,O00081
fb00018,5,Product quality could be better.,2024-03-13,U00149,O00182
fb00076,2,Very satisfied with my order.,2023-09-15,U00185,O00127
fb00148,4,"Fast delivery, thank you!",2023-06-21,B00124,O00014
fb00115,5,Would recommend to others.,2023-11-25,B00135,O00152
fb00014,3,Great service!,2023-10-13,U00018,O00165
fb00075,1,Very satisfied with my order.,2023-08-30,U00092,O00104
fb00177,5,Would recommend to others.,2023-11-25,B00040,O00051
fb00141,4,Very satisfied with my order.,2023-03-27,B00101,O00117
fb00053,3,Product quality could be better.,2024-02-25,U00095,O00049
fb00065,3,Great service!,2023-04-14,U00148,O00169
fb00086,2,Great service!,2023-09-19,U00163,O00021
fb00191,3,Great service!,2024-01-18,U00110,O00146
fb00029,2,Product quality could be better.,2024-01-02,U00178,O00024
fb00169,3,Great service!,2023-11-22,B00011,O00157
fb00002,4,Would recommend to others.,2023-07-04,B00009,O00176
fb00184,3,Would recommend to others.,2023-06-03,B00175,O00176
fb00116,3,Would recommend to others.,2023-10-13,U00034,O00176
fb00042,2,Would recommend to others.,2023-09-25,U00104,O00189
fb00067,4,Product quality could be better.,2023-04-14,B00009,O00031
fb00061,3,Product quality could be better.,2023-06-23,B00006,O00039
fb00114,4,"Fast delivery, thank you!",2023-09-23,U00068,O00030
fb00104,4,Very satisfied with my order.,2024-01-24,B00120,O00022
fb00073,4,Great service!,2024-03-11,B00031,O00144
fb00153,2,Very satisfied with my order.,2023-10-23,U00041,O00135
fb00067,3,Would recommend to others.,2023-05-09,U00166,O00089
fb00024,3,Very satisfied with my order.,2024-02-11,B00138,O00188
fb00164,1,Would recommend to others.,2023-05-01,B00032,O00036
fb00185,1,Great service!,2023-12-11,B00197,O00115
fb00095,5,Great service!,2024-01-30,U00186,O00052
fb00165,2,Great service!,2023-10-31,B00068,O00075
fb00070,4,Very satisfied with my order.,2023-08-03,U00109,O00023
fb00015,3,Would recommend to others.,2024-01-07,U00011,O00076
fb00111,3,Product quality could be better.,2023-08-22,U00118,O00016
fb00046,3,Great service!,2023-05-18,B00065,O00044
fb00165,3,Would recommend to others.,2023-12-24,B00031,O00028
fb00002,3,Very satisfied with my order.,2023-10-09,B00178,O00093
fb00198,3,Would recommend to others.,2023-11-27,U00089,O00064
fb00062,4,Product quality could be better.,2023-07-01,B00126,O00148
fb00123,2,Very satisfied with my order.,2023-06-23,U00093,O00037
fb00005,2,Product quality could be better.,2023-05-09,U00129,O00198
fb00021,3,Product quality could be better.,2023-07-20,B00012,O00020
fb00003,4,Very satisfied with my order.,2023-06-27,U00103,O00065
fb00186,4,Great service!,2023-10-23,U00090,O00141
fb00066,3,Very satisfied with my order.,2023-04-15,U00076,O00118
fb00185,1,Product quality could be better.,2024-03-16,B00046,O00155
fb00176,1,Great service!,2023-05-06,U00142,O00127
fb00166,3,"Fast delivery, thank you!",2023-10-05,B00145,O00084
fb00093,3,Great service!,2023-05-09,B00001,O00084
fb00133,4,Would recommend to others.,2023-07-16,U00031,O00089
fb00192,3,Would recommend to others.,2023-06-21,B00190,O00018
fb00198,3,Great service!,2023-09-27,B00158,O00012
fb00149,2,Would recommend to others.,2023-10-24,U00051,O00109
fb00089,5,Very satisfied with my order.,2023-05-06,B00155,O00162
fb00041,4,Great service!,2023-11-21,U00186,O00006
fb00182,1,Great service!,2023-10-03,B00107,O00008
fb00085,2,Product quality could be better.,2024-01-31,B00038,O00073
fb00179,4,Very satisfied with my order.,2024-01-02,B00194,O00175
fb00078,1,Would recommend to others.,2024-02-25,U00078,O00186
fb00044,2,Very satisfied with my order.,2023-11-25,B00155,O00166
fb00050,1,Would recommend to others.,2023-10-29,U00115,O00108
fb00142,3,Product quality could be better.,2023-04-25,U00198,O00015
fb00185,3,"Fast delivery, thank you!",2024-01-07,B00062,O00099
fb00030,5,"Fast delivery, thank you!",2023-04-22,U00037,O00007
fb00017,4,Product quality could be better.,2023-11-21,B00168,O00166
fb00082,4,Very satisfied with my order.,2024-01-11,B00095,O00048
fb00093,4,Would recommend to others.,2023-08-01,U00150,O00089
fb00137,4,Very satisfied with my order.,2023-11-09,B00105,O00168
fb00078,2,"Fast delivery, thank you!",2023-11-21,B00177,O00057
fb00061,3,Very satisfied with my order.,2023-11-21,U00086,O00053
fb00006,5,Great service!,2023-07-22,B00183,O00138
fb00200,3,"Fast delivery, thank you!",2023-04-05,U00124,O00194
fb00032,5,Would recommend to others.,2023-04-14,B00187,O00057
fb00154,4,Very satisfied with my order.,2024-02-06,B00188,O00058
fb00151,5,Would recommend to others.,2023-11-09,U00017,O00091
fb00072,1,Product quality could be better.,2024-01-07,B00109,O00130
fb00122,4,Great service!,2024-01-25,U00129,O00003
fb00096,2,Great service!,2023-08-15,U00178,O00106
fb00122,1,"Fast delivery, thank you!",2024-03-16,B00141,O00088
fb00113,5,"Fast delivery, thank you!",2023-09-18,B00076,O00071
fb00046,4,Very satisfied with my order.,2023-10-17,B00074,O00102
fb00083,3,Very satisfied with my order.,2023-04-14,B00041,O00111
fb00130,4,Great service!,2023-05-02,U00082,O00012
fb00187,3,Would recommend to others.,2023-05-01,B00058,O00128
fb00144,3,Great service!,2023-10-27,B00074,O00039
fb00142,3,Would recommend to others.,2024-01-07,B00128,O00063
fb00059,1,Would recommend to others.,2023-10-03,U00118,O00148
fb00193,1,Very satisfied with my order.,2024-03-06,U00054,O00045
fb00054,3,Product quality could be better.,2023-12-28,U00059,O00191
fb00069,1,Great service!,2023-07-02,B00096,O00043
fb00163,2,"Fast delivery, thank you!",2023-09-14,B00013,O00180
fb00116,4,Product quality could be better.,2023-06-21,U00060,O00185
fb00116,1,Very satisfied with my order.,2023-04-14,U00161,O00173
fb00061,3,Would recommend to others.,2023-05-11,U00062,O00172
fb00036,1,"Fast delivery, thank you!",2023-06-27,U00116,O00122
fb00011,3,"Fast delivery, thank you!",2023-04-25,B00054,O00188
fb00140,1,Great service!,2024-02-29,U00021,O00093
fb00148,5,Great service!,2023-09-09,B00115,O00125
fb00014,3,Great service!,2023-03-31,B00068,O00138
fb00118,3,"Fast delivery, thank you!",2023-09-14,U00081,O00111
fb00039,2,"Fast delivery, thank you!",2023-06-21,B00186,O00198
fb00122,1,Product quality could be better.,2023-06-29,U00019,O00090
fb00097,4,"Fast delivery, thank you!",2024-03-20,B00058,O00038
fb00015,4,Great service!,2023-09-25,U00083,O00162
fb00148,5,Very satisfied with my order.,2023-06-21,U00176,O00161
fb00196,3,Would recommend to others.,2023-07-01,U00127,O00008
fb00140,1,Great service!,2023-04-09,U00106,O00045
fb00197,2,Very satisfied with my order.,2023-06-21,U00062,O00108
fb00076,2,"Fast delivery, thank you!",2023-08-02,U00003,O00006
fb00191,4,Product quality could be better.,2024-02-14,U00021,O00189
fb00079,4,Product quality could be better.,2023-10-22,U00114,O00028
fb00083,1,"Fast delivery, thank you!",2023-07-06,B00035,O00045
fb00048,2,Product quality could be better.,2023-06-29,B00076,O00142
fb00028,4,Product quality could be better.,2023-12-01,B00189,O00030
fb00123,2,Great service!,2024-02-25,U00033,O00198
fb00047,3,Great service!,2023-10-03,U00001,O00130
fb00154,5,Very satisfied with my order.,2023-04-19,B00188,O00158
fb00193,3,Very satisfied with my order.,2023-08-15,U00174,O00014
