﻿ProductID,Name,Price,Category,ExpiryDate
P44275,Cheese,4.5,Dairy,2024-09-27
P69581,Turkey,10.42,Meat,2025-01-15
P88425,Cream,9.05,Dairy,2024-06-22
P70208,Grape,3.71,Fruit,2025-01-31
P87044,Apple,2.16,Fruit,2024-11-10
P70669,Watermelon,2.4,Fruit,2024-11-14
P99551,Toast,11.45,Breakfast,2024-09-09
P91528,Cookie,3.55,Dessert,2024-04-01
P75071,Banana,1.71,Fruit,2024-06-06
P93441,Cheese,3.06,Dairy,2024-10-17
P76225,Pancake,4.56,Breakfast,2024-12-23
P89610,Ham,12.12,Meat,2024-09-24
P40733,Barley,6.53,Grain,2024-05-28
P92452,Beef,12.68,Meat,2024-04-22
P38901,Pie,4.85,Dessert,2025-03-01
P95403,Ham,18.92,Meat,2024-10-20
P34256,Quinoa,2.81,Grain,2024-07-10
P29002,Cucumber,1.31,Vegetable,2024-07-11
P77801,Oatmeal,10.63,Breakfast,2024-06-16
P41018,Grape,2.03,Fruit,2024-07-26
P74560,Barley,2.47,Grain,2025-02-06
P30545,Toast,7.03,Breakfast,2024-08-29
P11080,Barley,3.5,Grain,2024-06-10
P42100,Cream,8.34,Dairy,2024-07-18
P33018,Strawberry,3.98,Fruit,2024-06-24
P25258,Chicken,16.8,Meat,2024-11-22
P10105,Candy,8.99,Dessert,2024-06-05
P47394,Buckwheat,6.63,Grain,2025-02-23
P87286,Pasta,1.72,Grain,2024-10-21
P60096,Pancake,5.93,Breakfast,2024-07-04
P60791,Pancake,13.89,Breakfast,2024-11-04
P57124,Tomato,0.91,Vegetable,2024-04-11
P76335,Oatmeal,8.44,Breakfast,2024-07-16
P29002,Ice Cream,6.81,Dessert,2024-08-28
P69861,Sausage,14.3,Meat,2024-08-07
P61930,Watermelon,3.31,Fruit,2025-02-18
P22727,Quinoa,7.61,Grain,2025-01-08
P32178,Grape,3.56,Fruit,2024-03-27
P99012,Bacon,17.2,Meat,2024-07-28
P54985,Cucumber,2.3,Vegetable,2024-05-31
P94720,Potato,3.6,Vegetable,2024-06-09
P22829,Carrot,1.76,Vegetable,2024-06-25
P60741,Candy,9.74,Dessert,2024-07-26
P36363,Bell Pepper,3.38,Vegetable,2024-06-23
P41753,Brownie,8.39,Dessert,2024-12-16
P12112,Pineapple,3.27,Fruit,2024-07-10
P20206,Banana,1.5,Fruit,2024-06-20
P64128,Lamb,9.56,Meat,2025-02-02
P81724,Rice,6.09,Grain,2024-08-09
P84534,Candy,5.71,Dessert,2025-03-06
P61486,Bacon,18.28,Meat,2024-07-28
P61665,Bread,6.93,Grain,2024-07-01
P17949,Watermelon,1.02,Fruit,2024-12-15
P33101,Watermelon,2.5,Fruit,2025-02-17
P47007,Watermelon,2.04,Fruit,2024-05-09
P76012,Turkey,16.28,Meat,2024-07-11
P53079,Butter,7.64,Dairy,2024-05-22
P33342,Beef,16.1,Meat,2024-09-26
P33103,Chicken,18.19,Meat,2024-10-26
P33573,Chicken,13.12,Meat,2024-10-16
P21831,Toast,3.4,Breakfast,2024-08-01
P39930,Carrot,3.51,Vegetable,2025-02-09
P66318,Toast,9.59,Breakfast,2024-07-03
P90080,Cookie,5.86,Dessert,2024-06-12
P80922,Grape,4.88,Fruit,2024-11-24
P42248,Egg,8.43,Dairy,2025-02-18
P15792,Cucumber,2.41,Vegetable,2024-09-23
P90130,Milk,1.81,Dairy,2024-04-17
P78822,Cheese,6.23,Dairy,2024-10-19
P68728,Bacon,19.32,Meat,2024-08-10
P27456,Cake,9.36,Dessert,2024-11-12
P97087,Bread,2.93,Grain,2024-11-13
P20219,Oatmeal,12.17,Breakfast,2024-12-19
P46462,Watermelon,2.92,Fruit,2024-09-09
P22159,Bagel,12.19,Breakfast,2024-11-06
P22932,Carrot,0.78,Vegetable,2024-05-15
P27733,Waffle,12.1,Breakfast,2024-11-17
P87417,Broccoli,1.78,Vegetable,2024-10-13
P47345,Spinach,2.87,Vegetable,2024-05-02
P46705,Cream,4.29,Dairy,2024-12-27
P11141,Cream,5.27,Dairy,2024-06-12
P30727,Barley,1.96,Grain,2025-03-07
P38098,Oatmeal,14.43,Breakfast,2024-05-17
P53624,Cake,8.48,Dessert,2025-02-24
P38180,Banana,0.72,Fruit,2024-09-27
P30311,Bacon,9.48,Meat,2024-06-19
P72798,Lamb,15.68,Meat,2024-06-02
P63394,Cucumber,1.83,Vegetable,2024-09-10
P48212,Toast,6.61,Breakfast,2025-02-25
P43448,Ice Cream,9.41,Dessert,2024-05-27
P30356,Pineapple,1.53,Fruit,2024-10-20
P33599,Spinach,3.54,Vegetable,2024-07-15
P61956,Apple,0.86,Fruit,2024-12-10
P37797,Potato,3.15,Vegetable,2024-05-07
P89810,Brownie,5.03,Dessert,2024-04-16
P98863,Ice Cream,6.74,Dessert,2024-04-01
P22344,Bread,6.69,Grain,2024-03-25
P65129,Quinoa,4.38,Grain,2024-09-06
P49949,Rice,3.66,Grain,2024-07-31
P16389,Yogurt,5.05,Dairy,2024-11-22
P47477,Beef,19.94,Meat,2024-05-16
P30891,Egg,9.57,Dairy,2025-01-20
P74513,Rice,3.36,Grain,2024-05-10
P42829,Bagel,13.91,Breakfast,2025-01-08
P32084,Lamb,18.37,Meat,2024-08-22
P23409,Cheese,1.82,Dairy,2025-01-02
P28262,Candy,8.87,Dessert,2024-06-03
P77631,Sausage,8.3,Meat,2024-12-08
P96980,Sausage,18.62,Meat,2025-02-02
P43022,Bagel,12.26,Breakfast,2024-06-26
P60692,Bacon,18.59,Meat,2024-08-03
P52661,Bacon,12.9,Meat,2024-10-22
P75624,Pie,3.57,Dessert,2025-02-07
P57270,Turkey,19.92,Meat,2024-09-13
P71243,Rice,1.93,Grain,2024-08-27
P18150,Butter,7.59,Dairy,2024-04-01
P35120,Toast,2.09,Breakfast,2024-06-19
P28732,Cookie,9.26,Dessert,2024-06-12
P57802,Rice,4.75,Grain,2024-04-03
P83907,Butter,2.49,Dairy,2024-10-20
P15001,Oatmeal,4.47,Breakfast,2024-04-23
P49301,Lamb,10.33,Meat,2024-12-08
P17816,Bell Pepper,2.03,Vegetable,2024-06-05
P89589,Candy,8.01,Dessert,2024-05-21
P47545,Cereal,4.39,Breakfast,2024-11-20
P88681,Toast,3.88,Breakfast,2025-01-25
P11448,Cake,8.09,Dessert,2025-03-16
P78768,Barley,6.29,Grain,2025-03-14
P57635,Tomato,0.52,Vegetable,2024-08-04
P20275,Cucumber,3.39,Vegetable,2024-07-19
P96724,Buckwheat,3.16,Grain,2024-06-11
P37225,Spinach,3.77,Vegetable,2024-06-22
P85751,Banana,3.16,Fruit,2024-09-25
P88451,Grape,4.2,Fruit,2024-11-23
P38553,Butter,7.57,Dairy,2025-01-25
P14189,Cookie,3.21,Dessert,2024-07-12
P16558,Lamb,14.34,Meat,2025-02-02
P87635,Yogurt,9.55,Dairy,2024-07-07
P53929,Bell Pepper,1.18,Vegetable,2024-11-20
P16975,Grape,1.29,Fruit,2024-11-21
P29074,Bacon,13.13,Meat,2024-06-23
P85054,Apple,4.37,Fruit,2024-12-31
P37675,Pancake,2.91,Breakfast,2024-07-11
P31983,Pie,9.73,Dessert,2024-09-23
P74450,Buckwheat,4.07,Grain,2024-09-01
P87181,Apple,0.73,Fruit,2024-10-22
P50666,Egg,4.63,Dairy,2025-01-07
P19572,Milk,3.92,Dairy,2024-06-10
P84689,Rice,5.75,Grain,2025-03-08
P29865,Buckwheat,5.55,Grain,2024-11-18
P96031,Cereal,14.18,Breakfast,2024-09-14
P50739,Lamb,13.4,Meat,2024-08-21
P24541,Couscous,5.14,Grain,2024-12-01
P14614,Cucumber,3.75,Vegetable,2024-07-12
P21404,Strawberry,4.68,Fruit,2024-07-10
P66111,Bagel,3.1,Breakfast,2024-09-13
P85316,Cookie,3.12,Dessert,2024-05-03
P73426,Cereal,9.35,Breakfast,2025-02-17
P87455,Carrot,0.64,Vegetable,2024-07-20
P50096,Potato,3.95,Vegetable,2024-03-27
P42406,Milk,1.48,Dairy,2024-12-24
P10244,Brownie,5.21,Dessert,2024-05-08
P53117,Broccoli,3.7,Vegetable,2024-12-14
P25831,Apple,1.8,Fruit,2025-01-02
P12648,Milk,8.32,Dairy,2024-09-14
P80081,Chicken,6.86,Meat,2024-11-28
P42757,Buckwheat,2.5,Grain,2025-02-17
P54672,Barley,7.34,Grain,2024-10-06
P86179,Cream,9.11,Dairy,2024-12-10
P40279,Potato,3.29,Vegetable,2024-12-24
P68580,Bread,2.72,Grain,2024-09-26
P41305,Pasta,7.22,Grain,2024-09-15
P24649,Butter,4.36,Dairy,2024-11-01
P24589,Bell Pepper,1.9,Vegetable,2024-12-21
P51661,Oatmeal,6.79,Breakfast,2024-10-07
P39817,Lamb,14.59,Meat,2025-02-15
P65857,Cheese,6.05,Dairy,2024-11-08
P47940,Chicken,8.81,Meat,2024-06-09
P56649,Bread,3.84,Grain,2024-09-10
P82367,Butter,1.46,Dairy,2024-10-19
P51283,Yogurt,9.64,Dairy,2024-10-15
P77955,Rice,6.97,Grain,2024-07-21
P46795,Oatmeal,7.48,Breakfast,2024-09-06
P19444,Ice Cream,6.59,Dessert,2024-12-06
P31922,Barley,2.18,Grain,2025-02-16
P69844,Cake,3.96,Dessert,2025-02-01
P57812,Bagel,7.66,Breakfast,2024-04-10
P41330,Buckwheat,5.13,Grain,2024-12-14
P84353,Turkey,6.17,Meat,2024-11-30
P76201,Pasta,1.88,Grain,2024-04-30
P41151,Lamb,14.27,Meat,2024-08-20
P79918,Quinoa,6.92,Grain,2025-02-01
P60567,Butter,5.53,Dairy,2024-10-29
P24315,Couscous,5.4,Grain,2024-06-27
P89544,Pancake,14.97,Breakfast,2025-02-03
P61998,Chicken,16.8,Meat,2025-03-07
P65481,Cheese,5.16,Dairy,2024-09-08
P73528,Banana,1.73,Fruit,2024-12-19
P22395,Bagel,13.83,Breakfast,2024-11-06
P89470,Brownie,5.19,Dessert,2025-02-02
P63267,Brownie,9.76,Dessert,2025-03-14
P62183,Butter,2.84,Dairy,2025-03-04
P96837,Brownie,3.96,Dessert,2024-08-18
P20110,Ice Cream,4.67,Dessert,2024-07-01
P17597,Banana,3.76,Fruit,2025-02-19
P18540,Couscous,3.57,Grain,2025-02-16
P99589,Tomato,2.33,Vegetable,2024-09-30
P25614,Cucumber,1.88,Vegetable,2024-05-25
P67836,Potato,2.1,Vegetable,2024-05-28
P75780,Couscous,5.72,Grain,2024-08-05
P55289,Lamb,14.11,Meat,2024-09-23
P60779,Potato,0.9,Vegetable,2024-04-27
P26660,Quinoa,7.26,Grain,2025-02-12
P60147,Oatmeal,7.16,Breakfast,2024-12-22
P35335,Barley,5.35,Grain,2025-03-11
P67592,Buckwheat,1.06,Grain,2024-06-16
P18040,Quinoa,7.38,Grain,2025-01-10
P64954,Cream,4.92,Dairy,2024-05-23
P42779,Tomato,1.03,Vegetable,2024-03-28
P77679,Egg,7.14,Dairy,2024-08-26
P74834,Ice Cream,8.73,Dessert,2024-07-30
P13727,Cream,4.58,Dairy,2024-06-13
P78439,Cheese,2.68,Dairy,2025-03-18
P13300,Beef,8.23,Meat,2024-06-05
P39113,Toast,7.86,Breakfast,2024-09-24
P16614,Turkey,5.69,Meat,2024-10-25
P56001,Strawberry,0.54,Fruit,2024-07-10
P65290,Ham,6.96,Meat,2024-10-15
P40760,Egg,3.86,Dairy,2024-08-24
P30538,Chicken,12.63,Meat,2024-10-12
P94508,Butter,9.24,Dairy,2024-05-25
P36859,Potato,1.46,Vegetable,2024-04-18
P28076,Bread,5.19,Grain,2024-11-25
P24582,Rice,5.54,Grain,2025-01-09
P52781,Barley,7.38,Grain,2025-02-02
P37496,Bagel,3.71,Breakfast,2024-12-07
P60070,Tomato,1.74,Vegetable,2024-11-23
P80444,Spinach,2.87,Vegetable,2024-11-12
P27646,Tomato,2.22,Vegetable,2024-07-27
P41479,Lamb,13.35,Meat,2025-02-02
P87005,Pasta,1.69,Grain,2024-11-07
P35315,Grape,3.64,Fruit,2024-10-05
P33262,Strawberry,3.69,Fruit,2024-04-05
P30564,Cereal,5.59,Breakfast,2024-12-18
P83814,Butter,7.22,Dairy,2025-01-29
P97688,Bell Pepper,1.3,Vegetable,2024-10-30
P58495,Waffle,4.93,Breakfast,2025-03-04
P42341,Cheese,9.49,Dairy,2024-07-06
P88342,Chicken,10.44,Meat,2024-10-11
P81052,Pancake,12.14,Breakfast,2024-10-18
P55043,Turkey,9.9,Meat,2025-02-23
P49698,Waffle,13.63,Breakfast,2024-11-03
P24818,Pasta,2.85,Grain,2025-01-22
P83775,Cookie,10.92,Dessert,2024-11-27
P55098,Strawberry,4.73,Fruit,2024-09-13
P45227,Yogurt,4.33,Dairy,2024-11-29
P32016,Ham,14.26,Meat,2024-12-18
P80869,Apple,1.9,Fruit,2025-03-24
P67727,Milk,1.31,Dairy,2024-11-22
P40050,Watermelon,2.42,Fruit,2024-03-29
P65231,Candy,7.19,Dessert,2024-06-26
P60905,Spinach,1.43,Vegetable,2024-07-27
P98206,Pancake,10.76,Breakfast,2024-07-28
P55490,Broccoli,3.92,Vegetable,2025-03-23
P67949,Ice Cream,10.79,Dessert,2024-03-26
P32130,Quinoa,4.98,Grain,2025-02-25
P53731,Banana,3.51,Fruit,2024-05-29
P31228,Grape,1.97,Fruit,2024-08-04
P20964,Orange,4.1,Fruit,2024-11-16
P85571,Cereal,3.07,Breakfast,2025-02-02
P58929,Waffle,6.34,Breakfast,2024-11-13
P56786,Ham,14.98,Meat,2024-08-27
P77673,Candy,3.64,Dessert,2024-09-01
P42622,Cheese,5.31,Dairy,2025-02-28
P13558,Quinoa,4.23,Grain,2025-02-21
P44470,Waffle,7.4,Breakfast,2024-04-15
P95589,Spinach,2.62,Vegetable,2025-02-07
P60821,Strawberry,1.6,Fruit,2024-11-28
P93709,Watermelon,0.87,Fruit,2024-03-28
P25478,Barley,5.54,Grain,2024-11-30
P15285,Ice Cream,6.73,Dessert,2024-06-01
P27699,Potato,0.63,Vegetable,2024-10-19
P19203,Pineapple,0.85,Fruit,2024-07-20
P50028,Rice,2.89,Grain,2025-01-08
P21780,Chicken,6.02,Meat,2024-12-08
P45001,Oatmeal,13.67,Breakfast,2025-01-05
P17962,Barley,6.92,Grain,2025-02-03
P53415,Yogurt,2.13,Dairy,2024-09-28
P95118,Cucumber,0.94,Vegetable,2025-01-11
P24208,Carrot,1.09,Vegetable,2024-10-10
P13422,Tomato,3.71,Vegetable,2024-04-18
P72716,Tomato,1.35,Vegetable,2024-12-10
P19398,Couscous,4.16,Grain,2025-02-02
P54762,Bell Pepper,0.92,Vegetable,2025-03-21
P94348,Cake,10.27,Dessert,2024-04-22
P54735,Tomato,2.97,Vegetable,2025-01-04
P44879,Oatmeal,2.85,Breakfast,2024-06-01
P22577,Yogurt,2.47,Dairy,2025-02-23
P67435,Buckwheat,2.67,Grain,2024-04-25
P10285,Waffle,5.65,Breakfast,2024-12-22
P63595,Tomato,1.66,Vegetable,2024-06-11
P71766,Rice,2.82,Grain,2024-05-14
P89717,Brownie,10.29,Dessert,2024-07-27
P41280,Cheese,7,Dairy,2024-10-02
P69437,Pie,3.25,Dessert,2024-11-16
P44247,Cookie,8.25,Dessert,2024-09-19
P76585,Broccoli,2.5,Vegetable,2025-03-10
P28471,Toast,7.54,Breakfast,2024-05-24
P49584,Pineapple,0.95,Fruit,2025-02-12
P43021,Turkey,7.65,Meat,2024-10-20
P38421,Barley,2.89,Grain,2024-12-22
P54242,Milk,8.69,Dairy,2024-12-06
P69501,Broccoli,1.29,Vegetable,2024-11-09
P83768,Tomato,3.9,Vegetable,2024-06-13
P89275,Ham,12.76,Meat,2024-10-29
P62249,Couscous,3.6,Grain,2024-05-27
P50415,Cake,3.29,Dessert,2024-04-11
P24135,Broccoli,3.42,Vegetable,2025-02-25
P64033,Butter,5.35,Dairy,2024-08-22
P27749,Egg,1.73,Dairy,2024-09-18
P71752,Orange,0.58,Fruit,2025-01-25
P80448,Bread,2.79,Grain,2024-10-22
P56246,Broccoli,1.83,Vegetable,2024-06-17
P32567,Sausage,16.73,Meat,2025-02-24
P10467,Carrot,1.05,Vegetable,2024-11-30
P17071,Cucumber,3.35,Vegetable,2025-01-01
P98015,Pineapple,1.58,Fruit,2024-11-25
P89827,Rice,5.57,Grain,2024-08-11
P33132,Bell Pepper,1.96,Vegetable,2024-08-04
P22135,Ice Cream,4.86,Dessert,2024-08-27
P99010,Spinach,3.6,Vegetable,2025-02-02
P60906,Ice Cream,7.56,Dessert,2024-11-20
P19997,Waffle,9.29,Breakfast,2024-11-09
P60087,Egg,6.97,Dairy,2025-02-23
P86753,Ham,19.62,Meat,2025-03-19
P54602,Rice,1.25,Grain,2024-12-31
P26209,Yogurt,6.33,Dairy,2025-02-07
P24626,Quinoa,6.84,Grain,2024-12-22
P88730,Yogurt,6.83,Dairy,2024-04-12
P60529,Carrot,3.32,Vegetable,2024-03-28
P41344,Cereal,8.54,Breakfast,2024-04-25
P51190,Oatmeal,11.61,Breakfast,2024-07-11
P79729,Cake,10.67,Dessert,2024-05-12
P18513,Barley,5.83,Grain,2024-08-14
P30012,Yogurt,4.11,Dairy,2024-12-06
P55822,Bread,1.11,Grain,2024-09-02
P56237,Yogurt,4.98,Dairy,2024-10-06
P32014,Couscous,2.83,Grain,2024-12-13
P57044,Yogurt,8.67,Dairy,2024-07-02
P45503,Toast,5.76,Breakfast,2024-10-12
P32432,Bread,1.08,Grain,2024-05-08
P72064,Watermelon,3.58,Fruit,2024-07-05
P65714,Potato,3.25,Vegetable,2024-06-12
P45765,Banana,4.5,Fruit,2024-04-25
P43407,Turkey,16.58,Meat,2024-05-21
P27745,Bacon,13.42,Meat,2024-07-25
P69290,Potato,1.16,Vegetable,2025-03-12
P70367,Pie,7.32,Dessert,2024-03-29
P40377,Apple,2.58,Fruit,2024-09-19
P70700,Pasta,6.73,Grain,2025-01-03
P78514,Candy,11.03,Dessert,2024-04-16
P10871,Chicken,16.1,Meat,2025-02-22
P39059,Brownie,4.3,Dessert,2024-04-03
P21558,Broccoli,2.77,Vegetable,2024-12-17
P70098,Barley,6.35,Grain,2024-05-16
P32786,Pancake,6.39,Breakfast,2024-06-13
P47232,Watermelon,4.65,Fruit,2024-12-26
P18101,Cake,9.35,Dessert,2024-06-27
P33268,Egg,3.17,Dairy,2024-11-15
P55778,Broccoli,1.45,Vegetable,2024-04-24
P45628,Brownie,7.91,Dessert,2024-08-11
P30371,Pancake,4.89,Breakfast,2024-05-26
P51407,Grape,1.63,Fruit,2025-03-20
P13417,Tomato,1.21,Vegetable,2024-05-28
P61403,Barley,3.46,Grain,2025-02-08
P62219,Cake,5.19,Dessert,2024-08-21
P96681,Waffle,3.64,Breakfast,2024-05-16
P62975,Banana,3.49,Fruit,2024-08-13
P39215,Sausage,12.75,Meat,2025-01-15
P83578,Cake,6.02,Dessert,2024-10-23
P29949,Cereal,10.19,Breakfast,2024-08-07
P98300,Spinach,3.81,Vegetable,2024-04-14
P76642,Quinoa,4.57,Grain,2024-04-04
P88858,Carrot,1.24,Vegetable,2024-05-24
P78555,Lamb,5.63,Meat,2024-12-10
P55684,Grape,3.27,Fruit,2024-07-03
P46077,Yogurt,2.34,Dairy,2024-12-03
P45825,Pancake,8.33,Breakfast,2024-08-01
P58510,Egg,4.14,Dairy,2024-12-18
P62179,Butter,2.71,Dairy,2024-09-28
P83393,Apple,4.17,Fruit,2024-05-15
P54360,Bacon,14.89,Meat,2024-04-03
P38063,Cream,4.92,Dairy,2024-07-15
P92906,Yogurt,3.26,Dairy,2025-03-07
P11274,Couscous,7.59,Grain,2025-02-25
P47499,Turkey,8.98,Meat,2025-03-16
P28449,Ice Cream,11.2,Dessert,2025-01-04
P84945,Pancake,8.18,Breakfast,2024-11-12
P18244,Watermelon,3.16,Fruit,2024-09-07
P73469,Bread,2.77,Grain,2025-03-11