﻿SupplierID,VAT,Name,PhoneNr,Address,Email
S33628,238284819,"Porter, Smith and White",439-779-8037,"69384 Yolanda Overpass
North Sara, MS 95350",kennethford@rogers.com
S31782,790371478,"Gonzales, Johnson and Mueller",+1-439-442-8863x38243,"00073 Allen Oval
Donnaside, CA 01448",roberta91@bennett-oconnor.com
S11069,441630856,"Durham, Bush and Eaton",797-638-5032x94222,"91419 Reed Path Apt. 460
Priceside, WY 51753",cathy12@morgan-pope.net
S74683,216673641,Patel LLC,+1-504-285-2559,"36717 Patricia Roads
Dawnside, GU 52522",misty34@calhoun-johnson.com
S15429,235837639,Rodriguez-Mejia,975-669-3226x433,"051 Kirby Way Suite 688
Port Marystad, WI 17888",meganhoward@williams-lucas.biz
S70046,995672200,Willis LLC,001-584-381-4549x795,"461 Justin Locks Suite 662
East Erinshire, TN 99091",diana10@butler.com
S13641,159494177,Farrell-Woods,824-292-0764,"81860 Steven Radial Apt. 595
Zunigaview, TX 09649",etucker@jenkins.com
S57630,512915805,Stanton PLC,231-930-6574x45280,"Unit 2799 Box 3446
DPO AP 33656",haleystrong@crawford.com
S97976,101651518,Peterson-Smith,+1-604-340-5053x761,"2086 Silva Unions
West Lisa, CT 14276",sheryl97@diaz.com
S73950,175974847,Carlson PLC,(659)407-0871x17622,"20032 Alicia Spur Apt. 784
Mortonfurt, AZ 97237",camposjoseph@munoz.net
S32269,953010096,Schmidt-Harmon,5382048724,"7964 Lewis Forks
Deanchester, HI 47568",colleen26@reyes.com
S56070,413169491,"Thomas, Valencia and Bell",382.264.0103x194,"1251 Kelly Crest
South Sarah, IA 18821",josephbaker@donaldson.com
S20148,907631867,"Harris, Downs and Cobb",739-512-5494x8154,"1413 James Extensions Suite 229
East Shawnburgh, WI 64341",aparker@thomas.net
S11807,765550438,Torres LLC,+1-789-968-2934x7916,"945 Sylvia Fields Apt. 425
North Lisa, PR 85146",pughmiranda@hicks-brown.com
S83557,899423431,Allison-Ortiz,+1-534-609-2766x20745,"PSC 1533, Box 2536
APO AA 91119",richardobrien@west-jimenez.com
S70086,670090064,Lester PLC,(727)861-4609,"604 Wagner Freeway
Powellton, PR 61124",qcarter@donaldson-roberts.com
S53053,391537390,"Cole, Brown and Nielsen",268-706-7130x2187,"52744 Peter Manor
West Lisachester, ID 53895",stevenbautista@hoffman.net
S96692,304411964,"Schmidt, Graves and Jones",626-948-2236,"1958 Roach Loop Suite 437
Moralestown, OH 17712",johnsongary@richardson.biz
S66083,335478560,"Acosta, Flores and Daniels",+1-599-856-1984x53414,"Unit 7693 Box 5841
DPO AE 93427",brian47@moore-vega.com
S84081,982496353,West PLC,+1-469-517-1251x124,"1203 Beth Village Suite 136
Barnesstad, OK 85848",katie49@lewis-clark.com
S54030,552747240,Holland-Odonnell,4683037762,"570 Pamela Isle Suite 382
Porterborough, SC 78099",kelly34@thompson.com
S75544,226927465,"Griffin, Wilkinson and Taylor",001-434-258-3405,"076 Cindy Harbors
Stacymouth, MA 30990",dianealvarez@reyes.com
S91647,530503212,"Cruz, Hopkins and Anderson",(250)509-2815x1414,"0201 Gray Parkways
Sandrabury, PA 66821",wrightdavid@johnson.com
S22167,818886370,Silva and Sons,001-409-371-7447x885,"5393 Sanchez Isle
Atkinsmouth, AZ 65991",brandonhester@johnson.com
S93495,361703580,"Shepard, Gay and Williams",(404)610-6083,"6270 Stokes Fall Suite 758
South Miguel, HI 96327",paceholly@abbott.com
S48713,447267768,"Huff, Delgado and Banks",+1-924-693-3347x397,"603 Zachary Ways
East Pamelaport, GU 54818",perkinsmatthew@bennett.com
S25611,146011379,Vasquez LLC,900.883.8246x132,"31454 Elliott Tunnel
Danielside, MO 24801",edward58@snow-atkinson.com
S53044,678012717,Sellers Ltd,(801)758-8021,"525 Sullivan Underpass
Joditon, WI 60602",mbrock@baker.com
S96023,361731172,Sexton Inc,001-964-965-3152x34063,"4716 Wilson Locks
South Stevenbury, MO 23557",nicholassmith@clark.com
S76343,807998571,Lopez-Madden,001-875-696-4516x02361,"957 Michelle Point
Simonberg, GA 51219",terryethan@thompson.info
S63783,956803437,Hill PLC,(524)982-7818x38386,"46641 Williams Meadows Apt. 883
Brittanyland, TN 36662",martinhunter@rogers.com
S70681,730663705,Dyer Group,2576983424,"810 Grimes Trace
Port Stephenchester, KY 89193",hendrixkyle@rodriguez.com
S79795,637065019,Martin-Nichols,(533)599-4448x74439,"095 Lewis Squares
Stephaniefort, LA 32907",eric74@chen.com
S69285,838222148,Haley PLC,(977)856-4334,"73834 Clifford Extensions Suite 706
South Sonya, NV 90744",dicksonchad@perez.org
S48331,725202967,"Martinez, Rogers and Jackson",001-625-550-9327,"70892 Green Points
North Felicia, PR 48415",lambamanda@morrow.com
S18729,244696276,"Rodriguez, Jordan and Nichols",965-962-3778x072,"PSC 8179, Box 2585
APO AA 36853",reginald94@west-odonnell.net
S97821,196353933,Meyers-Smith,001-589-456-6780x33292,"791 Smith Route
Wilsontown, MO 26844",davisalicia@brown.com
S10388,539254142,"Phillips, Hunter and Clark",2225707808,"956 Summer Bypass Apt. 636
Beverlyshire, NY 26387",adamstokes@riddle.net
S13292,229652518,Fuentes Inc,9407300654,"59049 Dean Manors
South Peter, GA 84064",montescassandra@williams.com
S37191,906494345,"Carter, Perez and Schneider",780-713-7720,"288 Wyatt Plaza Apt. 200
Kristinechester, AL 03329",jeffreydixon@nichols-guerrero.com
S24451,322103512,Matthews-Gentry,7786589826,"PSC 8011, Box 7189
APO AP 87112",garciaheather@malone.info
S88495,925243632,Henry-Wright,+1-962-768-4994x8419,"6486 Donna Mountain
New Nancy, VA 42835",halldouglas@casey.net
S87621,371090050,Alexander PLC,7569094170,"49656 Collins Square Suite 653
South April, FL 58569",mary61@brock.com
S67357,313723410,Roach-Gardner,(320)258-7220x662,"59304 Victoria Forest Apt. 742
Andrewberg, WY 39344",charlessullivan@smith-jackson.com
S37988,721377843,"Mullins, Moore and Murphy",441-628-8654x17476,"82547 Lang Turnpike
Obrienmouth, AZ 15426",marielowery@yang-welch.com
S13991,205295275,Mcclain PLC,260.508.4144x750,"867 Stewart Centers
Braunshire, ND 54637",pnavarro@mooney.com
S28440,862323228,"Bates, Jordan and Rodriguez",8322782722,"56725 Jacobs Keys Apt. 973
North Maryborough, GU 15696",hclements@clay.org
S51291,227768619,Ramirez-Morgan,841.496.3184x07322,"68709 Johnson Square Apt. 396
East Josephfurt, WA 31803",ricky66@holland.com
S46969,380165827,"Riddle, Wilcox and Phillips",(512)857-3221,"61656 Smith Green Suite 502
Freemanside, GA 94013",dale72@page-key.info
S38482,711206098,Burgess-Bailey,725.589.4150x5172,"7556 Alexander Springs
New Elizabethbury, IA 52416",xwoodward@stephens.com