UserID,UserName,UserEmailID,UserAddress,City,State,ZipCode,PhoneNr,UserType
F60638,Kelli Bowman,carl60@example.com,"924 Eric Union Apt. 077, New York, NY, 10001",New York,NY,10001,+1-392-309-9189x57493,Family User
B79933,Julie Bell,carla80@lewis-woods.org,"52597 Jeremy Lights Apt. 762, Los Angeles, CA, 90001",Los Angeles,CA,90001,(675)390-7275,Business User
B19439,April Baker,tim99@burns.com,"319 Key Light Suite 590, Boston, MA, 02115",Boston,MA,02115,(446)430-2936,Business User
F44564,Kevin Kramer,cameron06@example.com,"6654 Daniel Station, Boston, MA, 02115",Boston,MA,02115,(827)888-8295,Family User
F48701,Angelica Rowe,jacksongeorge@example.net,"462 Bennett Way Suite 011, Los Angeles, CA, 90001",Los Angeles,CA,90001,737.276.9574x9086,Family User
B45710,Jacob Pineda,robersonjesse@lopez.net,"201 Howard Road, Boston, MA, 02115",Boston,MA,02115,+1-339-645-9779,Business User
B15153,Shannon Combs,zmoss@russell.biz,"272 Amy Isle Suite 494, Boston, MA, 02115",Boston,MA,02115,001-502-838-4682x24678,Business User
B94401,Kenneth Randall,carolyn34@powers.info,"9170 Courtney Square, New York, NY, 10001",New York,NY,10001,427-762-1373,Business User
B84602,Dennis Frye,nicholehenderson@yang.org,"852 Johnson Stream Apt. 080, New York, NY, 10001",New York,NY,10001,(904)993-6415x198,Business User
F52104,Matthew Perez,kreynolds@example.org,"3328 Patrick Loop Apt. 163, Boston, MA, 02115",Boston,MA,02115,623-808-8798,Family User
F48704,Wyatt Bullock,charrison@example.org,"6240 Elizabeth Square, New York, NY, 10001",New York,NY,10001,+1-496-631-1210x2675,Family User
F62140,Brandon Solis,nataliehoward@example.com,"32423 Riley Mountains, Los Angeles, CA, 90001",Los Angeles,CA,90001,702.886.5381,Family User
F23522,John Hendricks,cynthiaturner@example.com,"8065 Graham Grove Suite 782, New York, NY, 10001",New York,NY,10001,(373)679-2265x28200,Family User
B62602,Tiffany Ramos,craig19@clark.org,"3699 Leah Roads Suite 877, Los Angeles, CA, 90001",Los Angeles,CA,90001,+1-941-329-4606x745,Business User
F43073,Joseph Gutierrez,christian54@example.net,"4766 Berg Ridge, New York, NY, 10001",New York,NY,10001,001-486-244-5566,Family User
F23845,Lori Huffman,jessica83@example.net,"2968 Ross Fords, Boston, MA, 02115",Boston,MA,02115,+1-264-520-2588x1707,Family User
F60440,Caitlin Williams,virginia77@example.net,"498 Williams Park Apt. 952, Boston, MA, 02115",Boston,MA,02115,(615)992-4252,Family User
F89456,Cody Reed,lawrenceheather@example.net,"29679 Danielle Mountain Suite 189, Boston, MA, 02115",Boston,MA,02115,854-521-5327,Family User
B32008,John Thompson,elizabethreynolds@harris.com,"126 Smith Island, New York, NY, 10001",New York,NY,10001,+1-355-939-0907x345,Business User
F38054,Dan Johnson,mendozaheather@example.com,"988 Harris Burg Apt. 075, New York, NY, 10001",New York,NY,10001,956-350-4331,Family User
F12070,Brittany Bishop,lopezcorey@example.net,"167 Aaron Flat Apt. 993, New York, NY, 10001",New York,NY,10001,5074396189,Family User
B94027,Evan Wilson,hshah@steele.com,"378 Heather Wells, Los Angeles, CA, 90001",Los Angeles,CA,90001,+1-623-801-1340x082,Business User
B11457,Marcus Harris,dennisjonathan@pearson.com,"954 Todd Junctions, Boston, MA, 02115",Boston,MA,02115,457.723.2749x49763,Business User
F15615,Elizabeth Barker,chadsanchez@example.net,"2415 Byrd Spurs, Boston, MA, 02115",Boston,MA,02115,001-556-322-2973x0846,Family User
F36570,Mason Woods,floresjoe@example.net,"6559 Bryan Ferry, Los Angeles, CA, 90001",Los Angeles,CA,90001,855-950-8878x7084,Family User
F51754,Madison Martin,mpeterson@example.org,"45664 Jones Locks Apt. 566, New York, NY, 10001",New York,NY,10001,(308)636-0676,Family User
B66258,Paul Crawford,martinezdorothy@thompson-brown.com,"3109 Andrew Meadows, Los Angeles, CA, 90001",Los Angeles,CA,90001,(824)262-2201x66844,Business User
F21439,Lisa Aguilar,hahnjoshua@example.com,"694 Munoz Vista, Los Angeles, CA, 90001",Los Angeles,CA,90001,260-653-1519,Family User
F18833,Bryan Ruiz,wjohnson@example.org,"2245 Brown Crest, Los Angeles, CA, 90001",Los Angeles,CA,90001,303.480.4255x4903,Family User
B91488,Nancy Lee,kathrynsullivan@morales.biz,"07725 Cheryl Way, New York, NY, 10001",New York,NY,10001,001-925-876-6343,Business User
B86025,Jacqueline Marquez,eturner@diaz-perkins.org,"15506 Young Rapids, New York, NY, 10001",New York,NY,10001,001-260-493-1639,Business User
F18295,Christine Mcclain,owhite@example.org,"51211 Deanna Divide, Boston, MA, 02115",Boston,MA,02115,587.623.0124x839,Family User
F14426,Yolanda Hooper,robertlawrence@example.org,"93980 Griffin Knoll Suite 487, New York, NY, 10001",New York,NY,10001,370-639-2023x6660,Family User
B44636,Alex Dillon,copelandlaura@shelton.org,"084 Yu Creek Suite 080, Boston, MA, 02115",Boston,MA,02115,384.678.6644,Business User
F58379,Donna Kelly,jessica99@example.org,"74410 Buck Ridge Apt. 237, Los Angeles, CA, 90001",Los Angeles,CA,90001,001-542-382-3557x4871,Family User
B58971,Arthur Mccarty,alexandramartinez@morris-scott.com,"6257 Kenneth Throughway Apt. 927, Los Angeles, CA, 90001",Los Angeles,CA,90001,+1-806-928-5355x167,Business User
F15441,Christina Atkins,michaelschwartz@example.net,"9120 Mary Parks, New York, NY, 10001",New York,NY,10001,753.936.1231,Family User
F25174,Terry White,katherinecarr@example.org,"261 William Run Suite 755, Boston, MA, 02115",Boston,MA,02115,001-913-370-6064x8811,Family User
B81224,Christine Miller,jeremy73@aguilar-jordan.com,"9701 Smith Road Apt. 325, Los Angeles, CA, 90001",Los Angeles,CA,90001,+1-975-687-8162x964,Business User
B24086,Amanda Koch,deborah79@morris-brewer.org,"280 Thomas Station, Los Angeles, CA, 90001",Los Angeles,CA,90001,(975)804-4633x714,Business User
B18823,Jennifer Cross,ashleybell@johnson-gilbert.com,"064 Tucker Cape Apt. 354, New York, NY, 10001",New York,NY,10001,302.947.7488x61664,Business User
B32916,Darren Jackson,mccartykristopher@taylor.net,"58184 Sherry Hills, Boston, MA, 02115",Boston,MA,02115,576.973.9142x3841,Business User
F97031,Rachael James,khansen@example.com,"1388 Reese Spring, New York, NY, 10001",New York,NY,10001,805-523-8163,Family User
B73807,Crystal Wilson,hcooper@parker.info,"0309 Angela Point, Boston, MA, 02115",Boston,MA,02115,(602)723-6766,Business User
F51584,Shane Smith,katherine54@example.net,"989 David Curve, New York, NY, 10001",New York,NY,10001,474.264.9656,Family User
B91184,Jonathon Jacobson,whitneyjones@abbott-boyd.com,"32774 April Ways, New York, NY, 10001",New York,NY,10001,001-218-664-8538x2854,Business User
F71959,Bryan Moran,vzimmerman@example.org,"000 Calvin Camp, Los Angeles, CA, 90001",Los Angeles,CA,90001,313.556.8140,Family User
B89219,Caitlin Davis,oguerrero@lawrence-clements.com,"27739 Thomas Street Suite 000, Los Angeles, CA, 90001",Los Angeles,CA,90001,(985)621-8996x65477,Business User
B13697,Kayla Clark,suzanne77@gordon-gallagher.biz,"48249 Megan Inlet Apt. 523, Boston, MA, 02115",Boston,MA,02115,001-522-976-2072x853,Business User
B59542,Sean Coleman,lauren07@manning.info,"476 Patricia Club, Boston, MA, 02115",Boston,MA,02115,834-552-5621,Business User
B27268,Debbie Williams,rebekah38@jordan.org,"184 Sara Overpass, Boston, MA, 02115",Boston,MA,02115,464.674.0612,Business User
F37826,Mackenzie Shaw,wnoble@example.org,"4203 Chris Crest, New York, NY, 10001",New York,NY,10001,(661)658-8696x83579,Family User
B66121,Gary Lee,jay92@martinez-david.info,"86407 Tyler Wells, New York, NY, 10001",New York,NY,10001,(913)646-3627x8223,Business User
F83868,Yolanda Briggs,gweiss@example.org,"338 Richards Squares, Los Angeles, CA, 90001",Los Angeles,CA,90001,(564)666-9267x639,Family User
B78308,Nicole Peterson,kendragreen@sweeney.info,"9298 Terri Mountains, New York, NY, 10001",New York,NY,10001,572-694-9002x36293,Business User
B59543,Kimberly Kelley,amanda35@li.org,"8921 Jacobson Stream, Boston, MA, 02115",Boston,MA,02115,+1-396-952-3489x17427,Business User
F68386,Mary Nguyen,mcleanjeffrey@example.org,"645 Brian Route Apt. 199, New York, NY, 10001",New York,NY,10001,882.234.3224x717,Family User
F18973,Zachary Summers,carlsonkristine@example.com,"539 Mack Cape, Los Angeles, CA, 90001",Los Angeles,CA,90001,001-388-758-9361,Family User
B17636,Robert Smith,laurarichardson@james.com,"7255 Larsen Walk Suite 792, New York, NY, 10001",New York,NY,10001,(383)961-6534x507,Business User
F67289,Michael Reynolds,annevans@example.com,"606 Thomas Vista, Boston, MA, 02115",Boston,MA,02115,(404)805-1922,Family User
F34213,Christopher Thompson,melissa30@example.net,"052 James Lodge Suite 531, New York, NY, 10001",New York,NY,10001,001-731-954-3717x564,Family User
B36016,Rachel Johnson,rbaldwin@cook.info,"65334 Mary Circle Apt. 340, New York, NY, 10001",New York,NY,10001,609-795-9212,Business User
B87022,Nathan Dudley,linda84@bell.com,"526 Sullivan Corners Suite 437, Los Angeles, CA, 90001",Los Angeles,CA,90001,908.372.3487x42976,Business User
B24960,Patrick Russell,michaelrogers@dillon-choi.com,"3307 Lee Forks Suite 638, New York, NY, 10001",New York,NY,10001,953-557-1924x221,Business User
F48010,Brian Anderson,cvelasquez@example.net,"94254 Susan Underpass, New York, NY, 10001",New York,NY,10001,001-518-309-5493x883,Family User
F69881,Cassandra Baker,johnsonjoshua@example.net,"6354 Dorsey Mall, New York, NY, 10001",New York,NY,10001,(299)271-8979x41460,Family User
B94953,Christopher Sanchez,cynthiadavis@dawson.org,"128 Benjamin Drive, Boston, MA, 02115",Boston,MA,02115,395.231.2875,Business User
B98983,Ryan Sandoval,david50@olsen.com,"25598 Deanna Curve, Boston, MA, 02115",Boston,MA,02115,001-735-955-0842,Business User
F20581,Jason Parker,monica37@example.org,"4141 Miller Fort, New York, NY, 10001",New York,NY,10001,298-355-5176x560,Family User
F27924,Claire Walker,danielle57@example.net,"0313 Richmond Orchard Apt. 523, Los Angeles, CA, 90001",Los Angeles,CA,90001,+1-745-578-0190x8770,Family User
F88041,Sarah Michael,barnettdavid@example.com,"3850 Perry Shores Apt. 026, Boston, MA, 02115",Boston,MA,02115,528.529.6120x24430,Family User
F87365,Kristen Mooney,william69@example.org,"2056 Bentley Brook, Los Angeles, CA, 90001",Los Angeles,CA,90001,361.965.5331,Family User
B87971,James Morgan,contreraskathryn@colon.com,"736 Roberts Knoll, Boston, MA, 02115",Boston,MA,02115,973.658.4226,Business User
F54967,Jesse Bryant,rebecca47@example.com,"539 Curry Turnpike Suite 219, New York, NY, 10001",New York,NY,10001,955.689.6604,Family User
F33248,Heidi Harris,jamiepowers@example.org,"035 Kelly View Suite 299, New York, NY, 10001",New York,NY,10001,001-401-830-2886,Family User
F40243,James Little,grosslorraine@example.org,"948 Park Forge Apt. 841, Los Angeles, CA, 90001",Los Angeles,CA,90001,+1-397-338-8207,Family User
F65765,Kyle Decker,kathylee@example.net,"989 Perez Island Apt. 632, New York, NY, 10001",New York,NY,10001,(412)456-5495x1656,Family User
F43071,Mark Shaw,amandamiller@example.org,"51806 Smith Circle, Los Angeles, CA, 90001",Los Angeles,CA,90001,279.911.7358,Family User
F26117,Walter Palmer,wellszachary@example.org,"9586 Erin Drive Suite 333, Los Angeles, CA, 90001",Los Angeles,CA,90001,5352976872,Family User
F51088,Sarah Valenzuela,ubrown@example.org,"463 Garcia Plains Suite 756, New York, NY, 10001",New York,NY,10001,(640)819-4605x75288,Family User
B18686,Julia Perry,randall91@hayes-suarez.net,"4800 Sara Lane, Los Angeles, CA, 90001",Los Angeles,CA,90001,(367)465-3920,Business User
B24167,Robin Williams,eharrell@rios.net,"716 Robertson Branch, Boston, MA, 02115",Boston,MA,02115,+1-285-727-6795x6883,Business User
B43561,Evelyn Potts,amy93@edwards.com,"28208 Nathan Plains Suite 694, Los Angeles, CA, 90001",Los Angeles,CA,90001,(648)617-2909x746,Business User
F51843,Melissa Berry,laurenturner@example.org,"8623 Adam Crossroad Suite 263, New York, NY, 10001",New York,NY,10001,8404990276,Family User
F34049,Wendy Arellano,andersonalexis@example.net,"2115 Nielsen Road, Boston, MA, 02115",Boston,MA,02115,001-680-209-1860x2125,Family User
F15341,Jeffrey Simmons,jeffreybrown@example.com,"2406 Vanessa Freeway Apt. 041, New York, NY, 10001",New York,NY,10001,001-882-348-3907x42058,Family User
F24670,Darin Brady,thomasmendoza@example.org,"1577 Edward Circle, Los Angeles, CA, 90001",Los Angeles,CA,90001,695.725.1281,Family User
B34497,Erin Arias,curtisscott@williams-wilson.info,"29258 Brittany Forest, Los Angeles, CA, 90001",Los Angeles,CA,90001,(933)356-4025,Business User
F46787,Brenda Jackson,kingrussell@example.com,"1380 Melissa Lights, New York, NY, 10001",New York,NY,10001,755-258-5928x247,Family User
F84538,Tyrone Young,vsanders@example.com,"275 Devin Station Suite 318, Los Angeles, CA, 90001",Los Angeles,CA,90001,(436)725-1049x0772,Family User
B39535,Randy Johnson,howardlacey@martinez.com,"609 Valerie Parkway, Boston, MA, 02115",Boston,MA,02115,(884)936-5888,Business User
B17096,Destiny Rosales,griffinandres@rojas.biz,"1374 Morgan View Apt. 924, Los Angeles, CA, 90001",Los Angeles,CA,90001,961.952.1500x53171,Business User
F36582,William Herman,marilyn11@example.net,"9362 Brandy Ports Apt. 682, New York, NY, 10001",New York,NY,10001,736.759.2545x270,Family User
B80481,Beth Smith,hmurray@johnson.net,"8493 Gray Rapids Apt. 831, Boston, MA, 02115",Boston,MA,02115,(291)441-6514,Business User
F76450,Kim Smith,kblack@example.com,"1155 Ronald Manors, New York, NY, 10001",New York,NY,10001,995.405.7031,Family User
F66628,Aaron Simmons,slopez@example.net,"7088 Jason Gateway, Boston, MA, 02115",Boston,MA,02115,001-272-701-6464x7853,Family User
F88704,Lindsey Williams,maria23@example.net,"8892 George Glen, Los Angeles, CA, 90001",Los Angeles,CA,90001,(297)511-8530,Family User
B44562,James Norman,ashleyestes@jacobs-adams.net,"7423 Jean Green, Boston, MA, 02115",Boston,MA,02115,+1-751-958-8785x634,Business User
F53368,Courtney Bailey,kelly93@example.net,"31063 Mitchell Prairie Suite 502, Los Angeles, CA, 90001",Los Angeles,CA,90001,(220)344-1243x83188,Family User
F74385,Ronald Curry,bradleybetty@example.org,"672 Tara Spurs, Boston, MA, 02115",Boston,MA,02115,001-580-868-7631x775,Family User
B77090,Mary Dawson,anthony35@clayton.com,"6417 Monica Keys Suite 031, Los Angeles, CA, 90001",Los Angeles,CA,90001,891.259.7136x451,Business User
F21428,Edward Williams,raymondruiz@example.net,"0224 Perez Knolls, New York, NY, 10001",New York,NY,10001,(534)876-8666x823,Family User
B41704,Robert Anderson,xhorton@hayden-thompson.com,"59289 Caroline Parkways, Los Angeles, CA, 90001",Los Angeles,CA,90001,(337)994-6613x244,Business User
B61792,Jamie Cross,fturner@holland-miller.biz,"170 Smith Oval Suite 198, Boston, MA, 02115",Boston,MA,02115,923-321-4056,Business User
B85113,Ian Williams,watkinsjoy@clay.net,"90891 Peters Oval, Boston, MA, 02115",Boston,MA,02115,(965)943-1240x753,Business User
B95961,Colin Williamson,gyoung@barnett.com,"9999 Evan Spurs, Boston, MA, 02115",Boston,MA,02115,001-272-379-5091x9774,Business User
B73795,Robert Gutierrez,zadams@robinson.com,"6123 Mcgee Greens Suite 603, Boston, MA, 02115",Boston,MA,02115,960.799.1654,Business User
B97383,Christian Dennis,paula57@oliver-simmons.org,"524 Kayla Shore, Los Angeles, CA, 90001",Los Angeles,CA,90001,001-669-466-6739x18363,Business User
B57999,Kyle Garcia,pacemarie@kennedy.org,"02706 Weiss Ways, New York, NY, 10001",New York,NY,10001,496.598.7251,Business User
F46394,Alexandra Rogers,andrewshields@example.org,"6944 Russell Harbors Suite 279, Boston, MA, 02115",Boston,MA,02115,+1-222-256-8373x795,Family User
F46201,Robert Lopez,serranojohn@example.com,"90266 Amber Village, Los Angeles, CA, 90001",Los Angeles,CA,90001,(744)877-8714,Family User
F64826,Dominic Salinas,fhendricks@example.com,"88776 Angel Port Suite 653, Boston, MA, 02115",Boston,MA,02115,708.575.0070,Family User
B64892,Scott Christensen,elizabethrice@cannon.com,"7537 Morgan Extensions, Los Angeles, CA, 90001",Los Angeles,CA,90001,503-695-6219x404,Business User
F20520,Shane Jones,knightdavid@example.net,"151 William Road Suite 210, Los Angeles, CA, 90001",Los Angeles,CA,90001,001-210-753-7411x788,Family User
B54138,Christine Waters,jacqueline65@rodriguez.com,"719 Garcia Harbor Suite 073, New York, NY, 10001",New York,NY,10001,494.207.0876x383,Business User
B38544,Patrick Becker,lewissabrina@gentry.biz,"02652 Kelly Inlet, Boston, MA, 02115",Boston,MA,02115,(880)519-1703x1535,Business User
F66045,Kelly Dennis,shaun10@example.net,"98049 Mcconnell Brooks, Los Angeles, CA, 90001",Los Angeles,CA,90001,981-234-3355,Family User
F84446,Joshua Warner,kellywilson@example.net,"416 Alan Lane Apt. 922, Boston, MA, 02115",Boston,MA,02115,001-249-700-9014x47541,Family User
F55590,Morgan Lee,corey02@example.com,"58716 Willis Manor, Los Angeles, CA, 90001",Los Angeles,CA,90001,001-905-271-5048x63232,Family User
F63922,Cody Chandler,youngeugene@example.net,"85433 Linda Terrace Suite 506, Boston, MA, 02115",Boston,MA,02115,633.970.3179x40630,Family User
F37057,Justin Mcguire,russopaul@example.com,"3439 Jasmine Isle, New York, NY, 10001",New York,NY,10001,+1-576-950-6991,Family User
B54466,John Williams,karenpatton@barnes-williams.com,"3580 Breanna Groves Apt. 361, Boston, MA, 02115",Boston,MA,02115,001-245-371-5472x91103,Business User
F99573,Paul Cordova,williamskevin@example.com,"7831 White Court, New York, NY, 10001",New York,NY,10001,+1-481-388-2838x89141,Family User
B32279,Melody Henderson,jonesmatthew@carter-davis.net,"22836 Daniel Roads, Los Angeles, CA, 90001",Los Angeles,CA,90001,268-634-0406x4155,Business User
B14632,Connie Evans,nguyeneric@stark.com,"220 Jennifer Port, Los Angeles, CA, 90001",Los Angeles,CA,90001,757.318.7200,Business User
F24401,Lori Fisher,scott49@example.net,"624 Mullins Land Suite 463, Boston, MA, 02115",Boston,MA,02115,(442)301-5569x76201,Family User
B63738,Cynthia Smith,juanramirez@wheeler.info,"794 Lisa Groves, New York, NY, 10001",New York,NY,10001,608-839-8197,Business User
B26479,Terrance Smith,michaelharmon@adams-caldwell.com,"6998 George Ridge Suite 039, Boston, MA, 02115",Boston,MA,02115,001-464-751-8762x2976,Business User
F63932,Diana Ramirez,christopher84@example.org,"9995 Mann Junction, Los Angeles, CA, 90001",Los Angeles,CA,90001,+1-410-293-6633x8556,Family User
B40933,Janet Walker,tamaraanderson@ramirez.com,"35253 Brittany Burg Suite 944, Boston, MA, 02115",Boston,MA,02115,001-992-897-7139x15008,Business User
B13484,Karen Silva,michelle61@valenzuela.biz,"37652 Meyer Vista, Boston, MA, 02115",Boston,MA,02115,(618)768-4341x90524,Business User
B75138,Jennifer Phillips,wramos@walton.com,"4308 Paige Trail, Boston, MA, 02115",Boston,MA,02115,394-330-3365,Business User
F16772,Felicia Barber,webercynthia@example.com,"54542 Bryan Lodge Apt. 513, Los Angeles, CA, 90001",Los Angeles,CA,90001,+1-746-474-2366x81591,Family User
F30178,Timothy Elliott,jwillis@example.com,"93741 Connor Highway Apt. 517, New York, NY, 10001",New York,NY,10001,595.201.0860,Family User
F43608,Gregory Davis,robinsonabigail@example.net,"2140 Vaughn Mills, Los Angeles, CA, 90001",Los Angeles,CA,90001,(572)217-0841x94795,Family User
B74786,Paula Lee,fowlerjames@lopez.com,"5600 Amanda Lights, Boston, MA, 02115",Boston,MA,02115,8776202283,Business User
B62878,Theresa Williams,rachel66@davis-miller.com,"09984 Nicole View Suite 324, Boston, MA, 02115",Boston,MA,02115,001-860-595-8827x5937,Business User
B50383,Joel Hodges,dominiqueking@castillo.biz,"525 Elliott Overpass, Los Angeles, CA, 90001",Los Angeles,CA,90001,+1-836-725-9208x50203,Business User
F55341,Kaitlin Perez,ehayden@example.org,"66120 Roberts Cliffs Suite 767, Boston, MA, 02115",Boston,MA,02115,553.772.3727x676,Family User
F22109,Diane Martin,michelleelliott@example.com,"62253 Andrea Mall, Boston, MA, 02115",Boston,MA,02115,629-300-4093x99333,Family User
B99694,David Johnson,samanthasanders@ramirez.biz,"5819 Susan Heights Suite 902, New York, NY, 10001",New York,NY,10001,+1-650-612-8691x683,Business User
F65478,Kristina Oliver,pcombs@example.net,"2831 Morales Lights Suite 377, Los Angeles, CA, 90001",Los Angeles,CA,90001,001-877-996-4621,Family User
B34510,Kevin Martinez,lwilson@frazier.com,"56181 Lewis Underpass Apt. 137, Boston, MA, 02115",Boston,MA,02115,5206823852,Business User
F97205,Scott Clark,jamie31@example.org,"0763 Robert Village Apt. 850, Los Angeles, CA, 90001",Los Angeles,CA,90001,584-350-8562,Family User
B87920,Brandon Butler,millerallen@howard.com,"5547 Jasmine Mountains Apt. 421, Boston, MA, 02115",Boston,MA,02115,(427)361-1381x31936,Business User
B84190,Lance Bartlett,jonathan29@ward.com,"87351 Melissa Underpass Apt. 855, Boston, MA, 02115",Boston,MA,02115,447.680.3413,Business User
F32071,Andrew Murphy,moorevictoria@example.org,"8239 Heather Way Apt. 474, Boston, MA, 02115",Boston,MA,02115,917-393-2760x77905,Family User
B28693,Todd Arnold,vburns@miller.biz,"79069 Amanda Square, New York, NY, 10001",New York,NY,10001,425.533.4065x4591,Business User
F68111,Natasha Gonzalez,sarah72@example.net,"29419 Tiffany Overpass, New York, NY, 10001",New York,NY,10001,321.601.5582x80589,Family User
B69848,Lisa Phillips,jonathanlopez@smith-cummings.com,"3527 Jeffrey Light Apt. 965, Boston, MA, 02115",Boston,MA,02115,001-223-958-9123x0706,Business User
B28448,Stephen Williams,jerry17@miles-campbell.com,"73388 Farrell River, Boston, MA, 02115",Boston,MA,02115,+1-450-308-4194x5497,Business User
F97482,Daniel Reese,anna82@example.com,"58892 Brennan Stream, Boston, MA, 02115",Boston,MA,02115,+1-350-287-8245,Family User
B62041,Darrell Hall,justinmorgan@ruiz.com,"574 Cole Place, Los Angeles, CA, 90001",Los Angeles,CA,90001,+1-709-972-1109x3064,Business User
B58977,Amanda Berry,mmartinez@good.net,"7795 Allen Spring, Boston, MA, 02115",Boston,MA,02115,704-843-3580x836,Business User
B40583,Jacob Jones,juliahurley@wilson.com,"15673 Andrade Field, Boston, MA, 02115",Boston,MA,02115,518.770.5028x582,Business User
F46084,Patrick Snyder,jaimepatterson@example.org,"542 Huynh Place, Los Angeles, CA, 90001",Los Angeles,CA,90001,413-743-2314,Family User
F79217,Roy Cook,alyssanichols@example.net,"20983 Smith Camp, Boston, MA, 02115",Boston,MA,02115,211-406-1471,Family User
B99346,Sharon Pierce,judygordon@gibson.biz,"129 Nicole Orchard Apt. 521, Los Angeles, CA, 90001",Los Angeles,CA,90001,754-791-6860x93819,Business User
B81263,Jose Black,ncannon@cooper.org,"6613 Rosales Stravenue Suite 203, New York, NY, 10001",New York,NY,10001,6222674622,Business User
F59915,Cristian Torres,jenniferhays@example.net,"253 Cody Camp Apt. 139, Boston, MA, 02115",Boston,MA,02115,001-303-603-9617x86676,Family User
B77075,Ashley Young,elam@berry.com,"126 Amanda Forks, New York, NY, 10001",New York,NY,10001,(401)786-0023,Business User
F84753,Anthony Mcintyre,gregorystewart@example.com,"87805 Gregory Key Suite 077, New York, NY, 10001",New York,NY,10001,311-526-0581,Family User
B31519,Jennifer Perkins,turnercheryl@wyatt.com,"84407 Foster Prairie Apt. 353, New York, NY, 10001",New York,NY,10001,222-445-0751x2126,Business User
B23481,David Barrett,alyssacox@woods-moreno.com,"004 Donald Oval, Boston, MA, 02115",Boston,MA,02115,802-466-6605,Business User
B24915,Amber Stewart,travislewis@johnson-watson.info,"71311 Kent Oval, Boston, MA, 02115",Boston,MA,02115,8419411144,Business User
F36947,Michael Robertson,luis54@example.org,"1170 Lopez Parks, New York, NY, 10001",New York,NY,10001,001-643-932-7623,Family User
F54948,Michele Chavez,taylorjoyce@example.net,"30640 Arnold Lock Suite 815, New York, NY, 10001",New York,NY,10001,001-594-349-6494x8609,Family User
F43653,Jonathan Johnson,angel04@example.org,"7575 Hardin Vista, Boston, MA, 02115",Boston,MA,02115,(991)821-8551,Family User
B43829,Jose Guzman,david91@powell-castillo.info,"3679 Michael Station, New York, NY, 10001",New York,NY,10001,+1-884-537-8604x64959,Business User
F76584,Christopher Shaw,john10@example.net,"17027 William Dale, Boston, MA, 02115",Boston,MA,02115,(778)753-5141x93028,Family User
B32203,Jose Contreras,jcuevas@mccarthy.com,"225 Hall Inlet, Boston, MA, 02115",Boston,MA,02115,(619)698-2321x21144,Business User
F30305,Todd Fisher,adamandrews@example.org,"575 Daniel Union, Los Angeles, CA, 90001",Los Angeles,CA,90001,269.873.7063,Family User
B28731,Jennifer Becker,jasonwalton@mendoza.com,"722 Bradley Islands, Boston, MA, 02115",Boston,MA,02115,001-323-444-6932x5799,Business User
F24176,Joseph Howard,pachecopatrick@example.com,"875 Sue Spring Apt. 107, Boston, MA, 02115",Boston,MA,02115,(505)290-0377,Family User
F29349,Teresa Edwards,davidjenkins@example.org,"681 Stephen Ports Apt. 073, Boston, MA, 02115",Boston,MA,02115,+1-645-744-9312x70626,Family User
B32529,Roger Freeman,mcgeecarl@rodriguez-hunt.com,"519 Peterson Valley, Los Angeles, CA, 90001",Los Angeles,CA,90001,955-793-2478x1173,Business User
B75143,Francisco Hanson,danielfletcher@mccullough.biz,"25289 David Trail, Boston, MA, 02115",Boston,MA,02115,(335)342-2501,Business User
F58069,Matthew Sampson,jenkinsrandall@example.org,"508 Luis Coves, Boston, MA, 02115",Boston,MA,02115,629.665.0222,Family User
B30200,Samantha Morrow,angelarobinson@white-esparza.info,"77844 Roger Ports, New York, NY, 10001",New York,NY,10001,524-877-6389x3107,Business User
F11452,Kyle King,gcastillo@example.net,"2925 Summers Manors Apt. 501, New York, NY, 10001",New York,NY,10001,001-954-649-7079,Family User
F12191,Stephen Patterson,paula55@example.org,"1208 Tammy Loaf Apt. 582, Boston, MA, 02115",Boston,MA,02115,2102393211,Family User
B44856,Susan Wheeler,danielparker@peterson-collins.info,"352 Jeremiah Land, Los Angeles, CA, 90001",Los Angeles,CA,90001,993.951.7722x246,Business User
B40790,Nicole Wilson,jasonwhite@lucas-rollins.com,"660 Anthony Brooks, Boston, MA, 02115",Boston,MA,02115,001-908-307-4368x6661,Business User
F73361,Michelle Marquez,ngarcia@example.com,"177 Green Mission Suite 137, New York, NY, 10001",New York,NY,10001,607-515-4605x8483,Family User
F36175,Ashley Stout,lawrencevictor@example.org,"493 Byrd Park Suite 665, Boston, MA, 02115",Boston,MA,02115,407-665-5215x6945,Family User
B66551,Jessica Hoffman,fraziertiffany@williams-johnson.com,"6878 Dominique Glen Apt. 224, Boston, MA, 02115",Boston,MA,02115,347-733-2118x819,Business User
B93480,Robert Flores,paulstewart@sullivan.com,"7474 Christopher Key, Los Angeles, CA, 90001",Los Angeles,CA,90001,557-558-2497x25422,Business User
B78355,Robert Cox,stevereyes@lewis.com,"79457 Diaz Park Suite 788, Los Angeles, CA, 90001",Los Angeles,CA,90001,478-872-3834x8445,Business User
B87886,Justin Solomon,lewistodd@bass.com,"613 Bruce Fields, Los Angeles, CA, 90001",Los Angeles,CA,90001,+1-769-208-3329x1603,Business User
B20560,Bryan Burke,sfoley@williams-olson.net,"0578 Kimberly Road Apt. 681, Los Angeles, CA, 90001",Los Angeles,CA,90001,268-619-8993,Business User
B66254,Scott Schmidt,gabriellashaw@taylor-jones.biz,"90741 Amanda Estates Apt. 590, Boston, MA, 02115",Boston,MA,02115,423-697-5567x0367,Business User
B45555,Veronica Dorsey,dylanjackson@lopez.info,"5513 Jennifer Road Apt. 540, New York, NY, 10001",New York,NY,10001,6597218273,Business User
F49188,April Carney,linda00@example.net,"34085 Maria Creek, Boston, MA, 02115",Boston,MA,02115,324.603.7040x09423,Family User
B92711,Ross Reyes,alexandriasmith@howard.info,"2120 Haynes Ford, New York, NY, 10001",New York,NY,10001,001-699-554-1780,Business User
F89444,Justin Tucker,buckamanda@example.com,"40995 Carlson Hill Apt. 410, Boston, MA, 02115",Boston,MA,02115,001-918-459-4813x70539,Family User
B22471,John Andrade,devincortez@carter.com,"38877 Brandon Fork Apt. 961, Boston, MA, 02115",Boston,MA,02115,(592)464-8115x35239,Business User
B55928,Tyler Nelson,michelle33@huff.com,"19219 Johnson Court Suite 949, New York, NY, 10001",New York,NY,10001,677.602.5467x557,Business User
F44106,Rebecca Delgado,petervillarreal@example.com,"7059 Tiffany Meadow, Los Angeles, CA, 90001",Los Angeles,CA,90001,5468746191,Family User
B85123,Dawn Wilson,efreeman@coleman.com,"572 Michael Run Apt. 171, Boston, MA, 02115",Boston,MA,02115,7105501380,Business User
F98185,Bryan Jordan,erin87@example.org,"40922 Katrina Ports Apt. 208, Boston, MA, 02115",Boston,MA,02115,547.537.7315,Family User
