VinNr,Make,Model,Year,Location
AQU43894T2,Toyota,discuss,1995,"Boston, MA"
ADQ75725V0,Ford,long,1993,"Los Angeles, CA"
RVU11580A7,Ford,effect,2009,"New York, NY"
ESN29654U1,Tesla,street,1997,"Los Angeles, CA"
DKN58297J9,Volkswagen,community,2013,"New York, NY"
TEY06042D6,Mercedes-Benz,deep,1990,"Los Angeles, CA"
ZAS38974T3,Honda,send,1998,"Los Angeles, CA"
RSY37523W4,Honda,pull,2006,"New York, NY"
CLI94671A8,Volkswagen,when,2021,"Los Angeles, CA"
WMX15599Y1,Mercedes-Benz,or,2011,"Los Angeles, CA"
